Mainland China,80573
Thailand,48
Japan,420
South Korea,6593
Taiwan,45
US,278
Macau,10
Hong Kong,107
Singapore,130
Vietnam,16
France,653
Nepal,1
Malaysia,83
Canada,49
Australia,60
Cambodia,1
Sri Lanka,1
Germany,670
Finland,15
United Arab Emirates,29
Philippines,5
India,31
Italy,4636
UK,163
Russia,13
Sweden,101
Spain,400
Belgium,109
Others,696
Egypt,15
Iran,4747
Lebanon,22
Iraq,40
Oman,16
Afghanistan,1
Bahrain,60
Kuwait,58
Algeria,17
Croatia,11
Switzerland,214
Austria,55
Israel,21
Pakistan,6
Brazil,13
Georgia,4
Greece,45
North Macedonia,3
Norway,108
Romania,9
Denmark,23
Estonia,10
Netherlands,128
San Marino,21
Belarus,6
Iceland,43
Lithuania,1
Mexico,6
New Zealand,4
Nigeria,1
Ireland,18
Luxembourg,2
Monaco,1
Qatar,8
Ecuador,13
Azerbaijan,6
Czech Republic,18
Armenia,1
Dominican Republic,2
Indonesia,4
Portugal,13
Andorra,1
Latvia,1
Morocco,2
Saudi Arabia,5
Senegal,4
Argentina,2
Chile,4
Jordan,1
Ukraine,1
Saint Barthelemy,3
Hungary,2
Faroe Islands,1
Gibraltar,1
Liechtenstein,1
Poland,5
Tunisia,1
Palestine,16
Bosnia and Herzegovina,2
Slovenia,7
South Africa,1
Bhutan,1
Cameroon,1
Colombia,1
Costa Rica,1
Peru,1
Serbia,1
Slovakia,1
Togo,1
Vatican City,1
